code departement,EC_MAT,EC_ELEM,COLL,LYC,CFA
01,0,3,1,1,0
01,1,3,1,0,0
01,2,2,0,1,0
01,2,3,1,1,0
01,2,3,2,4,0
01,2,4,2,4,0
01,2,5,1,0,0
01,3,3,2,2,1
01,3,4,2,2,1
01,3,20,7,7,2
01,3,20,7,8,2
01,9,9,3,1,0
01,11,9,3,1,0
02,0,3,1,1,0
02,0,3,2,1,0
02,2,11,4,8,2
02,2,11,5,7,3
02,4,4,2,1,0
02,4,9,3,4,2
02,5,5,2,2,1
02,5,9,3,4,2
02,5,22,7,9,7
02,5,22,7,10,6
02,6,7,3,4,5
02,6,7,3,4,6
02,6,8,2,0,0
02,6,9,2,0,0
02,8,11,4,4,4
02,8,11,4,4,6
02,8,11,4,4,7
03,1,6,4,4,2
03,6,6,3,1,0
03,7,6,3,2,0
03,7,6,4,4,1
03,7,6,4,4,2
03,7,11,5,5,0
03,8,11,5,6,0
03,11,16,5,5,0
03,11,17,5,5,0
03,11,18,5,5,0
03,12,21,6,5,0
03,12,22,6,5,0
04,0,12,3,4,2
04,0,12,3,4,3
04,0,12,3,5,2
04,4,9,4,4,3
04,4,9,4,6,2
05,3,21,4,5,4
05,3,21,4,5,5
06,0,2,0,1,0
06,1,2,0,1,0
06,4,5,1,1,1
06,4,5,1,1,2
06,5,5,1,0,0
06,5,5,1,0,1
06,10,14,5,5,3
06,10,16,5,6,3
06,17,29,9,9,4
06,17,30,9,9,4
06,18,29,9,12,4
06,66,105,29,23,25
06,66,105,29,23,26
06,66,105,33,35,24
06,68,108,29,23,25
06,68,108,29,23,26
06,68,108,33,35,24
06,75,115,31,23,26
06,75,115,31,23,27
06,75,115,35,35,25
07,3,6,2,3,2
07,3,7,3,4,1
07,3,7,3,4,3
07,3,7,3,4,4
07,4,5,2,2,0
07,4,6,2,2,0
07,6,8,4,4,1
07,6,8,4,4,5
07,7,8,4,4,4
08,0,6,2,1,1
08,2,10,4,4,1
08,8,24,10,7,1
08,8,24,10,7,2
09,1,4,2,3,0
09,1,6,1,1,1
09,3,8,4,3,1
10,1,1,1,0,1
10,1,1,1,0,2
10,2,3,1,0,0
10,2,7,3,2,0
10,12,26,9,11,2
10,14,26,9,11,2
10,15,26,9,14,2
10,20,32,11,11,2
10,22,32,11,11,2
10,23,32,11,14,2
11,2,3,3,1,2
11,3,3,3,2,1
11,3,5,2,1,2
11,15,18,6,3,4
11,15,20,7,4,3
11,15,21,7,4,3
11,15,21,8,5,3
11,16,18,6,6,3
12,1,5,2,0,1
12,3,5,2,4,1
13,1,1,1,0,0
13,3,4,2,0,0
13,3,4,2,1,0
13,3,5,1,1,1
13,3,6,2,1,1
13,6,6,2,2,0
13,6,6,2,2,1
13,6,7,1,0,1
13,6,8,2,1,2
13,7,13,3,2,1
13,7,13,4,2,2
13,11,17,4,4,0
13,11,17,4,5,0
13,12,10,3,3,0
13,12,11,3,3,0
13,12,14,4,2,5
13,13,13,4,2,5
13,14,13,5,6,1
13,14,13,5,7,1
13,14,14,5,5,2
13,15,14,4,3,3
13,15,14,4,3,4
13,16,15,4,3,0
13,16,15,4,4,0
13,16,25,5,4,4
13,16,25,5,5,5
13,37,46,13,13,23
13,37,46,13,15,21
13,37,46,15,24,15
13,217,283,90,74,67
13,218,282,90,74,67
13,219,284,96,90,60
13,220,286,90,74,67
13,221,285,90,74,67
13,222,287,96,90,60
14,0,10,3,2,2
14,0,10,5,6,0
14,0,11,5,6,0
14,1,1,0,0,0
14,1,1,1,0,0
14,1,3,2,1,0
14,1,4,2,1,0
14,5,10,3,2,2
14,5,35,14,18,7
14,6,36,15,18,7
14,7,38,15,19,7
14,10,35,15,20,4
14,11,36,15,20,4
14,12,38,16,21,4
15,3,11,5,5,2
16,2,2,1,0,2
16,4,6,4,3,0
16,4,7,4,3,0
16,5,5,2,1,0
16,14,20,8,10,1
16,15,19,8,10,1
17,4,5,3,2,0
17,7,10,4,3,1
17,7,10,4,3,2
17,8,9,4,4,4
17,9,10,4,4,3
17,19,23,7,9,2
17,19,23,7,10,2
17,19,23,7,12,2
18,2,4,2,3,0
18,3,5,2,3,0
18,4,5,2,3,0
18,8,13,4,3,0
18,18,24,8,10,11
18,18,24,8,10,13
18,18,24,8,12,5
19,12,16,8,7,4
19,12,16,8,8,4
21,3,3,1,0,1
21,3,3,1,0,2
21,4,4,1,0,1
21,6,6,2,1,0
21,8,9,3,3,2
21,39,47,16,12,14
21,40,47,18,14,8
22,0,7,4,3,1
22,1,7,4,3,1
22,1,10,3,4,5
22,1,11,3,4,3
22,2,5,1,0,3
22,6,23,9,11,6
22,6,23,9,11,7
22,6,23,9,12,5
23,4,5,2,2,1
23,4,6,2,2,1
24,1,2,1,0,1
24,1,2,1,0,2
24,6,11,4,5,4
24,7,12,4,6,4
24,8,15,8,8,5
24,10,15,8,8,3
25,2,2,1,0,0
25,2,3,0,0,0
25,4,2,1,0,2
25,5,4,1,1,0
25,5,8,1,1,0
25,6,7,3,4,0
25,13,10,3,3,0
25,14,10,3,3,0
25,33,37,11,13,13
25,34,37,11,13,13
25,35,37,11,17,12
26,1,4,2,0,0
26,2,3,1,0,0
26,4,5,3,1,0
26,4,5,3,1,1
26,4,5,4,1,1
26,7,13,5,3,1
26,7,13,5,3,4
26,7,13,5,4,4
26,10,13,5,5,2
26,10,13,5,5,3
26,17,26,8,11,6
26,17,26,8,11,7
26,17,26,8,13,5
27,2,5,2,4,1
27,3,5,2,4,1
27,4,5,3,4,0
27,4,7,1,1,1
27,6,7,2,1,1
27,8,8,4,2,0
27,8,11,5,4,0
27,11,23,8,8,4
27,12,23,9,9,2
28,0,3,1,0,0
28,3,5,3,2,0
28,4,5,2,0,0
28,4,5,2,2,0
28,6,7,4,2,2
28,8,15,5,5,9
28,8,15,6,5,8
28,8,15,6,6,5
28,11,12,5,6,1
28,15,17,7,6,1
29,3,9,3,3,2
29,3,26,9,9,12
29,4,26,10,12,8
29,7,51,15,15,19
29,9,51,15,15,15
29,12,51,16,16,14
2A,2,5,2,1,0
2A,15,17,5,5,3
2A,15,17,5,6,3
2B,8,13,5,6,0
2B,9,13,5,6,0
2B,10,14,5,5,0
30,1,1,1,0,0
30,1,2,2,0,0
30,2,2,3,2,0
30,2,2,3,2,1
30,2,2,3,3,0
30,2,3,2,1,0
30,3,4,2,0,0
30,3,6,1,0,0
30,4,5,1,0,0
30,4,7,3,2,0
30,5,5,4,2,1
30,9,18,7,4,3
30,10,18,7,5,3
30,40,53,15,13,4
30,40,53,15,13,5
30,40,53,18,18,5
31,3,7,3,2,2
31,4,4,1,1,0
31,4,5,3,3,1
31,4,7,3,2,2
31,4,8,3,4,2
31,5,5,1,1,0
31,6,9,3,2,1
31,6,10,3,2,1
31,9,7,5,4,1
31,9,7,5,5,1
31,9,8,5,4,1
31,95,120,37,38,21
31,97,119,37,39,21
31,97,119,39,46,19
32,8,9,4,5,0
33,1,3,2,2,0
33,2,2,1,0,0
33,2,3,1,0,0
33,5,6,1,1,1
33,6,8,3,0,1
33,6,8,3,0,2
33,7,6,2,1,1
33,7,7,3,2,1
33,7,8,2,2,1
33,7,8,2,2,2
33,8,8,2,3,2
33,10,9,3,3,4
33,10,9,3,3,5
33,10,9,3,3,6
33,10,12,4,1,1
33,10,12,5,1,1
33,14,15,4,2,2
33,15,17,5,1,1
33,15,17,5,1,2
33,16,16,5,2,1
33,43,69,23,32,18
33,44,69,23,32,15
33,44,70,24,43,14
33,50,77,25,34,20
33,51,77,25,34,16
33,51,78,26,45,15
33,52,78,25,33,18
33,53,78,25,33,15
33,53,79,26,44,14
34,3,2,2,3,0
34,3,4,1,1,0
34,4,7,3,0,0
34,6,8,3,2,0
34,6,9,3,1,0
34,12,13,4,5,2
34,12,13,4,6,2
34,17,27,9,5,1
34,18,27,9,5,1
34,18,27,9,8,1
34,51,79,25,16,15
34,51,81,25,15,16
34,53,77,27,25,10
35,1,5,3,5,3
35,1,5,3,5,4
35,9,18,6,5,3
35,9,18,6,5,4
35,35,59,19,19,24
35,35,59,19,20,23
35,35,59,19,23,18
36,4,5,3,2,1
36,16,17,7,5,8
36,16,17,7,5,9
36,16,17,7,7,6
37,2,2,0,0,0
37,4,6,3,2,1
37,6,6,3,1,1
37,7,10,5,3,3
37,7,10,5,3,5
37,7,10,5,3,6
37,24,45,20,18,19
37,25,43,20,21,13
37,25,44,20,18,19
38,0,3,0,0,0
38,1,3,1,0,0
38,2,3,1,3,0
38,2,3,1,3,1
38,2,4,1,1,0
38,2,4,1,1,2
38,3,1,0,0,0
38,4,6,2,4,0
38,4,6,2,4,1
38,4,8,3,1,0
38,4,8,3,1,1
38,4,14,4,3,4
38,4,14,4,3,5
38,4,14,4,3,6
38,5,9,3,5,2
38,5,9,3,5,3
38,6,4,1,0,1
38,6,4,1,0,2
38,6,9,3,1,2
38,6,9,3,1,3
38,7,4,1,0,1
38,8,9,2,1,1
38,8,13,4,5,2
38,8,13,4,5,3
38,8,13,5,7,3
38,9,16,5,5,2
38,9,16,5,5,3
38,9,16,6,7,3
38,11,10,3,2,1
38,11,10,3,2,2
38,11,13,3,2,2
38,11,13,3,2,3
38,11,13,3,3,3
38,22,43,14,16,17
38,23,43,14,16,10
38,23,43,15,20,13
39,3,5,2,1,0
39,4,9,4,5,1
39,5,9,4,5,1
39,6,9,4,6,1
39,7,11,4,4,1
39,7,12,4,4,1
40,1,3,1,2,0
40,5,6,3,2,2
40,8,11,4,4,2
41,5,7,3,2,0
41,6,7,3,3,1
41,6,8,3,3,1
41,7,8,3,3,1
41,14,23,8,7,5
41,14,23,8,7,7
41,14,23,8,7,9
42,0,5,1,0,0
42,0,5,1,2,0
42,2,5,2,4,2
42,3,4,1,0,0
42,3,5,2,4,2
42,3,6,3,3,0
42,3,14,5,9,3
42,4,6,2,2,0
42,4,6,3,3,0
42,4,15,5,9,2
42,4,15,5,10,2
42,7,10,3,2,0
42,8,21,4,6,0
42,9,21,4,6,0
42,24,65,18,19,4
42,26,65,18,19,4
42,28,65,18,22,3
43,3,13,5,5,0
43,3,14,5,5,0
44,3,6,3,3,0
44,4,6,3,4,0
44,6,8,1,1,0
44,6,18,6,2,5
44,7,13,5,3,1
44,7,17,6,2,4
44,7,17,6,2,5
44,9,28,6,11,6
44,10,28,6,11,6
44,11,28,7,12,2
44,48,93,31,28,16
44,48,94,31,28,14
44,49,93,33,31,15
44,55,110,37,30,21
44,55,111,37,30,18
44,55,111,39,33,20
45,1,3,1,0,0
45,2,7,3,3,1
45,2,8,3,3,0
45,2,8,4,3,1
45,4,5,2,1,0
45,4,5,2,1,1
45,4,5,2,3,0
45,5,7,2,2,0
45,5,7,2,2,1
45,6,6,2,1,0
45,6,13,5,4,1
45,6,13,6,4,1
45,6,15,6,5,2
45,6,15,7,5,1
45,30,39,12,10,19
45,30,39,12,10,23
45,30,39,12,12,14
46,4,11,3,5,3
47,2,3,1,0,1
47,3,4,2,0,0
47,4,8,3,3,2
47,6,12,3,2,0
47,9,13,6,4,2
47,9,13,6,4,3
47,9,14,6,4,3
49,3,7,1,1,0
49,3,17,7,5,2
49,4,7,1,1,0
49,4,7,1,2,0
49,4,17,7,5,2
49,4,17,7,7,2
49,12,23,8,5,2
49,12,23,8,6,2
49,21,52,19,14,8
49,22,52,19,14,7
49,22,52,22,16,6
50,0,5,3,3,0
50,0,6,2,3,3
50,0,6,2,4,3
50,1,7,4,4,1
50,1,9,4,4,1
50,13,39,10,9,2
50,15,39,10,8,2
51,4,7,3,1,0
51,8,9,4,3,0
51,10,14,5,4,1
51,11,14,5,4,1
51,12,14,5,4,1
51,46,58,17,19,7
51,47,59,17,18,8
51,47,59,18,19,6
52,1,5,3,1,0
52,3,11,4,5,2
52,3,11,4,5,3
52,6,10,4,6,2
52,6,10,5,6,2
53,11,24,9,9,6
53,11,24,9,10,5
54,2,2,0,0,0
54,2,2,1,0,0
54,2,4,1,1,0
54,3,2,1,0,0
54,3,3,1,2,1
54,3,3,2,1,1
54,3,3,2,1,2
54,3,4,1,1,0
54,3,7,3,3,0
54,4,3,1,0,0
54,4,4,2,1,2
54,4,4,2,1,4
54,6,7,3,4,0
54,7,7,2,2,1
54,7,7,3,4,0
54,7,8,4,4,1
54,8,7,2,1,3
54,8,7,2,1,4
54,8,7,2,1,5
54,25,33,12,17,12
54,26,33,13,17,12
54,26,34,14,17,12
54,27,37,13,17,10
54,28,37,14,17,12
54,28,38,15,17,12
54,30,39,14,18,10
54,31,39,15,18,11
54,31,39,16,18,11
55,3,6,4,4,3
55,3,7,4,5,0
56,2,6,1,2,1
56,2,9,3,3,1
56,3,9,3,3,1
56,5,24,6,8,10
56,5,24,6,8,12
56,7,7,3,1,0
56,7,24,7,9,8
56,8,7,3,1,0
56,8,20,6,5,8
56,9,20,6,5,8
56,10,20,6,5,4
57,0,3,1,1,0
57,0,5,1,1,0
57,1,2,1,0,0
57,2,3,1,0,0
57,2,4,1,0,0
57,2,7,3,4,2
57,3,7,3,4,2
57,4,3,1,0,0
57,5,5,3,3,1
57,6,16,5,7,2
57,6,16,5,8,1
57,6,16,5,8,2
57,7,6,1,0,1
57,7,8,3,2,0
57,7,8,3,3,0
57,8,4,1,2,0
57,8,8,3,4,0
57,8,8,3,5,0
57,9,11,4,4,1
57,9,12,4,4,1
57,32,36,14,12,7
57,34,36,14,12,7
57,34,37,13,14,7
57,38,41,16,12,7
57,40,41,16,12,7
57,40,42,15,14,7
58,0,7,3,2,1
58,6,15,5,5,2
59,0,3,0,0,0
59,1,2,1,0,0
59,1,3,1,1,0
59,1,3,1,1,1
59,1,4,1,0,0
59,1,5,2,1,0
59,1,5,2,1,1
59,1,6,3,1,1
59,2,1,0,1,1
59,2,1,1,0,0
59,2,2,1,0,0
59,2,2,1,1,1
59,2,3,1,0,0
59,2,4,1,0,0
59,2,4,1,1,0
59,2,4,1,1,1
59,2,4,2,0,0
59,2,4,2,0,1
59,2,6,2,0,1
59,2,6,2,0,2
59,2,6,3,1,1
59,2,9,3,5,5
59,3,3,1,1,0
59,3,4,1,0,0
59,3,4,1,2,2
59,3,5,1,0,0
59,3,5,1,0,1
59,3,6,1,0,0
59,3,6,2,0,2
59,3,8,1,1,0
59,4,3,1,0,0
59,4,3,1,0,1
59,4,4,3,2,1
59,4,4,3,2,2
59,4,5,1,0,0
59,4,5,1,1,0
59,4,5,1,1,1
59,4,5,2,1,0
59,4,5,2,1,1
59,4,5,2,1,2
59,4,5,3,2,1
59,4,6,2,1,0
59,4,9,2,0,1
59,4,10,4,3,0
59,5,4,1,0,0
59,5,5,1,1,1
59,5,7,4,2,1
59,5,9,4,5,4
59,6,5,2,0,0
59,6,6,2,0,0
59,6,7,2,3,2
59,6,7,2,3,6
59,6,7,2,3,7
59,6,8,4,2,1
59,6,9,4,5,4
59,6,10,2,0,0
59,6,14,4,4,5
59,6,14,4,4,6
59,6,15,5,4,6
59,7,4,1,1,0
59,7,7,3,2,0
59,8,9,4,1,0
59,8,16,4,2,0
59,8,16,4,2,1
59,8,17,5,5,4
59,8,17,5,5,5
59,8,17,5,6,4
59,9,11,3,0,1
59,9,13,4,3,2
59,9,13,4,3,3
59,9,13,5,3,5
59,9,13,5,4,5
59,10,14,5,4,4
59,11,18,6,8,10
59,11,18,6,8,12
59,12,14,6,5,0
59,12,24,9,5,6
59,12,24,9,6,6
59,13,17,7,8,4
59,13,17,7,8,5
59,14,12,6,5,0
59,14,17,7,8,4
59,14,19,7,8,4
59,14,19,7,8,5
59,14,22,7,9,12
59,14,22,7,9,14
59,14,25,9,6,6
59,15,19,7,8,4
59,16,19,7,8,4
59,16,19,7,8,5
59,16,20,8,9,4
59,16,20,8,9,5
59,17,19,7,8,4
59,17,20,8,9,4
59,17,45,12,12,16
59,17,45,12,12,19
59,19,28,7,3,11
59,19,28,7,3,15
59,19,28,7,4,8
59,19,28,9,10,4
59,19,28,9,10,5
59,20,28,9,10,4
59,24,33,10,9,12
59,24,33,10,9,14
59,24,40,10,10,6
59,24,41,10,9,5
59,26,58,15,12,16
59,26,58,15,12,19
59,27,33,11,10,12
59,27,33,11,10,13
59,32,56,14,12,7
59,32,57,14,11,5
59,42,66,20,21,37
59,42,66,20,21,40
59,43,67,22,25,25
59,53,82,24,24,46
59,54,82,24,24,44
59,55,83,26,28,27
59,55,108,27,24,23
59,55,108,27,24,26
59,55,109,27,23,21
59,69,102,30,24,49
59,69,102,30,24,56
59,70,103,32,29,34
59,81,99,33,33,30
60,3,2,1,0,0
60,3,3,1,0,0
60,3,5,1,1,1
60,4,7,3,2,1
60,5,6,2,2,1
60,6,6,2,2,3
60,6,6,3,2,4
60,6,7,1,2,0
60,6,7,2,2,0
60,6,7,3,2,1
60,9,7,3,2,1
60,15,18,6,9,3
60,15,18,7,9,3
60,15,19,6,9,3
60,19,15,3,3,1
60,19,15,4,3,1
60,20,28,7,9,8
60,20,28,7,9,9
60,20,29,7,10,7
61,0,8,3,3,0
61,0,8,3,3,1
61,0,8,3,4,1
61,0,15,6,4,4
61,0,15,6,5,4
61,0,15,6,7,2
61,2,3,3,1,0
61,2,7,3,2,0
62,1,1,1,0,0
62,1,3,1,0,0
62,1,5,1,0,0
62,2,2,1,0,0
62,2,3,1,0,0
62,2,3,2,1,0
62,2,4,1,0,0
62,2,4,2,1,1
62,2,4,2,1,2
62,2,5,2,2,1
62,2,7,1,1,1
62,2,11,4,4,4
62,3,3,1,0,0
62,3,3,1,1,0
62,3,3,1,1,1
62,3,3,1,2,1
62,3,6,2,0,0
62,3,7,2,0,0
62,3,22,7,6,7
62,4,3,1,0,2
62,4,3,1,1,2
62,4,4,1,0,0
62,4,5,1,0,0
62,4,6,2,2,1
62,4,8,1,0,0
62,4,22,7,6,6
62,5,5,1,0,0
62,5,6,2,2,1
62,5,6,3,1,0
62,5,7,1,1,0
62,5,7,1,1,1
62,5,7,2,2,1
62,5,8,2,0,0
62,6,6,1,1,1
62,6,6,2,0,1
62,6,7,2,1,1
62,6,7,2,2,1
62,6,8,2,0,0
62,6,10,3,3,2
62,6,11,3,3,3
62,6,12,4,5,4
62,6,12,4,5,7
62,6,12,4,5,8
62,6,13,4,5,4
62,6,13,4,5,7
62,6,13,4,5,8
62,7,8,2,0,0
62,7,9,2,0,0
62,7,9,3,3,4
62,7,9,3,3,5
62,7,10,3,3,3
62,8,8,2,1,0
62,8,8,2,1,1
62,8,9,2,1,1
62,8,12,3,3,2
62,8,12,4,2,1
62,8,13,3,3,3
62,8,13,4,5,6
62,8,14,4,5,4
62,9,11,3,0,0
62,9,11,3,2,1
62,9,11,3,2,2
62,9,11,4,0,0
62,9,12,3,3,3
62,9,15,4,3,2
62,9,16,4,3,3
62,10,12,3,3,2
62,10,12,3,3,3
62,10,12,3,4,3
62,10,13,4,3,5
62,10,13,5,3,4
62,10,15,4,3,3
62,10,15,4,5,6
62,10,16,4,5,4
62,10,30,9,8,9
62,11,13,6,4,5
62,11,13,6,4,6
62,11,30,9,8,10
62,12,16,7,6,14
62,12,16,7,6,15
62,13,16,7,7,10
62,13,17,5,5,6
62,13,18,5,5,4
62,13,19,8,6,14
62,13,19,8,6,15
62,14,16,8,6,8
62,14,16,8,6,9
62,14,19,8,7,10
62,14,31,9,8,8
62,15,16,7,4,7
62,15,16,7,4,8
62,15,16,7,5,7
62,21,28,8,8,9
62,21,28,8,8,10
62,21,29,8,9,8
63,1,8,2,3,1
63,5,4,2,1,1
63,5,4,2,1,2
63,32,36,13,18,6
63,32,36,13,18,7
63,32,38,13,21,6
64,9,22,8,8,4
64,9,22,8,8,7
64,9,26,9,12,6
64,9,26,10,9,9
65,3,4,2,3,0
65,4,4,2,3,0
65,4,5,2,3,0
65,12,16,8,10,4
65,14,17,9,10,4
65,15,16,8,10,4
65,15,16,8,12,3
65,17,17,9,10,4
65,17,17,9,12,3
66,3,2,1,0,0
66,28,35,12,8,3
66,28,35,12,8,4
66,28,35,12,11,4
67,3,6,2,0,1
67,3,6,3,0,1
67,4,2,2,3,1
67,4,6,2,3,2
67,4,6,2,3,6
67,5,2,1,2,0
67,5,2,2,3,1
67,6,4,2,1,1
67,6,5,2,4,3
67,6,5,2,4,5
67,11,9,4,5,2
67,11,10,4,5,2
67,12,9,4,5,4
67,12,9,4,5,6
67,54,68,26,22,8
67,54,69,31,32,9
67,55,67,26,22,9
68,4,2,1,1,1
68,5,5,2,2,1
68,7,4,2,1,1
68,7,4,3,1,1
68,19,15,7,6,5
68,20,15,7,6,5
68,21,15,7,6,4
68,31,25,9,11,6
68,32,24,9,11,6
68,32,25,9,13,6
68,38,32,11,12,6
68,39,31,11,12,6
68,39,32,11,14,6
69,1,8,1,0,1
69,1,10,4,2,0
69,1,10,4,2,1
69,2,3,2,1,0
69,2,4,1,1,0
69,2,4,2,2,0
69,2,4,2,2,2
69,2,4,3,3,2
69,2,9,3,0,0
69,2,9,3,0,1
69,3,2,1,0,0
69,3,3,1,0,0
69,3,4,1,1,1
69,3,13,6,7,1
69,4,5,2,2,0
69,5,17,4,2,0
69,6,11,3,3,0
69,6,15,4,5,0
69,7,11,3,3,0
69,7,11,3,4,0
69,7,11,3,5,0
69,7,15,4,5,0
69,7,15,4,6,0
69,9,11,3,3,0
69,9,20,5,5,3
69,10,10,3,3,0
69,10,20,5,5,2
69,10,20,5,6,1
69,11,23,6,4,2
69,11,24,6,4,2
69,12,31,7,4,3
69,12,32,7,4,3
69,16,16,4,3,1
69,16,17,4,3,1
69,22,28,7,6,1
69,23,27,7,6,1
69,24,31,12,8,1
69,24,31,12,8,2
69,71,129,44,59,14
69,71,131,44,59,17
69,74,127,46,66,10
69,82,152,50,63,16
69,82,154,50,63,19
69,85,151,52,70,12
70,1,5,2,1,0
70,2,3,3,3,0
70,3,3,3,3,0
70,3,6,2,1,0
70,3,6,2,2,0
70,4,5,2,2,0
70,4,7,3,4,3
70,4,7,4,4,3
71,0,2,0,0,0
71,3,5,3,2,1
71,3,5,3,3,1
71,5,8,2,1,0
71,6,8,2,1,0
71,7,8,3,1,0
71,8,8,3,1,0
71,9,16,5,4,1
71,11,16,5,4,1
71,11,16,5,5,1
71,12,21,6,8,1
71,13,21,6,8,1
71,14,21,6,11,2
72,0,7,3,2,0
72,0,7,4,2,0
72,5,6,2,1,1
72,35,49,22,10,13
72,35,49,23,10,13
72,35,49,25,15,9
72,35,51,26,15,9
72,35,52,23,10,13
72,35,52,24,10,13
73,3,7,4,4,1
73,4,7,4,4,3
73,6,10,5,3,1
73,6,10,5,4,1
73,17,23,6,6,2
73,17,23,6,6,4
73,17,23,7,7,4
74,0,5,3,2,0
74,0,5,3,2,1
74,0,5,3,3,1
74,1,3,1,0,0
74,1,6,1,2,0
74,1,7,1,2,0
74,1,7,2,2,1
74,1,7,2,2,2
74,3,10,1,2,2
74,3,10,1,3,3
74,3,10,4,6,2
74,4,9,1,3,3
75,297,463,177,166,85
75,298,464,177,169,85
75,305,462,192,216,72
76,2,3,0,0,0
76,3,4,1,0,0
76,3,5,2,0,0
76,4,4,1,1,0
76,4,4,2,1,1
76,4,6,2,1,1
76,4,6,4,4,0
76,4,7,2,1,1
76,5,5,1,0,0
76,5,5,2,2,0
76,5,6,2,1,1
76,5,6,2,2,0
76,5,7,4,3,0
76,6,6,2,0,0
76,6,8,2,4,0
76,8,7,2,3,1
76,10,10,4,1,3
76,11,11,5,5,3
76,17,16,6,4,4
76,25,36,13,12,6
76,26,36,13,15,5
76,28,41,15,12,6
76,29,41,14,15,5
76,48,56,19,13,10
76,49,56,19,13,10
76,50,56,19,14,10
77,3,4,3,1,1
77,3,4,3,2,0
77,3,6,2,1,0
77,4,4,1,1,1
77,4,6,2,1,0
77,5,6,3,2,0
77,5,7,4,3,1
77,5,9,3,2,0
77,6,7,2,2,0
77,6,9,3,2,0
77,7,8,2,0,0
77,7,8,3,0,0
77,7,9,3,2,2
77,8,7,2,1,1
77,8,8,2,1,0
77,9,7,2,1,0
77,9,10,3,1,0
77,10,10,3,1,0
77,10,11,3,2,1
77,10,14,6,4,1
77,11,14,6,3,2
77,15,18,5,4,0
77,15,18,6,5,0
77,16,16,4,3,2
77,16,16,4,3,5
77,17,18,6,7,1
77,17,18,6,7,2
77,19,21,8,5,1
77,20,21,8,4,2
78,0,6,2,0,0
78,0,6,2,0,1
78,3,3,0,0,1
78,3,3,1,0,0
78,4,4,1,1,0
78,6,7,2,0,0
78,7,8,2,1,0
78,8,7,2,1,2
78,8,7,2,2,0
78,9,7,2,2,0
78,10,10,4,3,2
78,10,11,4,3,2
78,10,12,3,2,0
78,11,12,3,2,0
78,12,11,2,0,1
78,13,11,2,0,1
78,13,12,3,2,2
78,13,12,3,2,3
78,13,12,3,2,6
78,14,13,2,1,0
78,16,13,4,2,0
78,16,13,5,2,0
78,18,18,7,4,0
78,18,18,9,4,0
78,20,16,3,3,1
78,21,16,3,3,1
79,0,4,3,3,0
79,0,7,3,3,0
79,5,15,2,4,2
79,5,15,2,4,3
79,5,16,2,4,2
79,12,24,8,7,5
79,13,24,8,9,3
80,8,12,3,4,3
80,8,12,3,4,4
80,32,58,16,24,18
80,34,58,16,24,19
80,34,59,16,26,13
81,0,4,0,0,0
81,0,17,6,8,6
81,0,18,6,8,6
81,0,18,6,9,6
81,1,5,1,1,0
81,3,4,1,1,1
81,3,5,1,1,1
81,3,6,3,2,0
81,9,19,6,8,0
81,9,19,7,8,0
82,2,7,2,1,0
82,12,29,7,6,4
82,13,29,7,6,4
82,14,28,7,7,4
83,2,2,1,1,0
83,2,7,3,2,0
83,2,7,3,3,0
83,3,2,1,0,0
83,6,6,1,1,1
83,6,6,1,1,4
83,9,15,4,2,0
83,9,15,4,2,1
83,10,14,5,3,1
83,12,13,3,2,2
83,12,18,4,4,4
83,12,20,4,4,4
83,15,16,5,3,2
83,15,16,5,3,3
83,41,49,14,12,4
83,41,49,14,12,6
83,41,50,14,14,4
84,2,3,2,2,0
84,2,3,2,2,1
84,2,5,2,0,2
84,3,4,2,1,2
84,3,7,2,1,0
84,4,4,2,1,1
84,4,4,2,1,2
84,4,6,1,0,0
84,4,8,2,1,2
84,4,8,3,1,2
84,6,8,4,2,1
84,6,9,3,1,1
84,6,9,4,1,1
84,7,13,4,4,2
84,7,13,4,5,2
84,9,12,5,4,3
84,26,36,12,10,18
84,26,36,12,10,19
84,26,36,12,16,12
85,2,6,3,2,0
85,3,6,3,2,0
85,15,21,7,7,10
85,15,21,7,7,12
85,15,21,7,10,8
86,5,15,4,5,0
86,6,15,4,5,0
86,22,26,10,13,4
86,22,26,11,12,7
86,22,26,11,12,8
86,24,28,11,13,4
86,24,28,12,12,7
86,24,28,12,12,8
86,24,29,11,13,5
86,24,29,12,12,9
86,24,29,12,12,10
87,30,40,14,19,8
87,30,40,15,16,10
88,0,5,3,4,2
88,2,11,5,5,0
88,4,3,1,0,0
88,7,16,4,6,1
88,8,15,4,6,1
89,2,3,2,0,0
89,3,5,2,2,1
89,4,5,2,3,1
89,7,12,4,3,1
89,8,12,4,3,1
89,8,14,4,5,4
89,8,14,5,5,4
89,9,15,5,5,3
90,3,4,1,0,1
90,4,4,1,0,1
90,16,18,7,7,2
90,16,18,7,8,2
90,17,19,7,8,2
90,17,19,7,9,2
91,2,6,1,1,0
91,3,2,0,1,0
91,3,3,0,0,0
91,3,3,0,3,0
91,5,5,1,1,0
91,5,6,3,1,0
91,5,10,3,1,1
91,5,10,3,2,1
91,6,7,1,2,0
91,6,7,2,1,0
91,7,7,2,1,0
91,8,7,3,3,0
91,8,9,2,0,0
91,8,9,3,0,0
91,8,9,3,3,0
91,9,11,3,2,0
91,10,9,5,2,0
91,11,10,4,3,0
91,13,8,2,1,0
91,13,15,5,1,0
91,13,15,6,1,0
91,13,19,5,1,0
91,14,13,3,3,3
91,14,14,3,3,3
91,14,19,5,1,0
91,15,12,3,0,0
91,15,13,5,3,3
91,15,18,5,2,0
91,15,18,7,2,0
91,15,19,6,1,0
91,17,23,6,5,2
91,18,21,6,2,0
91,18,21,8,2,0
91,19,28,7,5,2
91,19,29,7,6,2
91,26,21,7,1,0
91,26,22,7,1,0
92,5,8,4,3,0
92,7,6,2,2,1
92,7,6,2,2,2
92,7,6,2,2,3
92,9,11,3,2,1
92,10,9,4,2,0
92,10,10,4,2,0
92,10,11,3,2,1
92,11,14,6,3,1
92,12,14,6,3,1
92,14,13,3,1,3
92,14,13,3,1,4
92,17,22,7,4,1
92,18,19,7,3,2
92,18,19,8,3,2
92,18,21,7,4,1
92,20,23,8,3,6
92,20,23,9,6,4
92,20,24,8,3,6
92,32,32,10,4,6
92,32,32,11,4,5
93,2,3,1,0,0
93,3,4,1,3,0
93,3,4,2,0,0
93,3,4,2,1,1
93,7,8,2,1,1
93,7,9,2,1,1
93,8,12,3,2,0
93,8,13,3,2,0
93,9,8,2,0,0
93,9,8,3,2,0
93,9,11,4,2,2
93,9,11,4,3,0
93,9,11,5,2,2
93,9,12,4,2,2
93,10,10,3,2,1
93,10,10,3,2,2
93,10,12,3,2,0
93,10,12,4,2,1
93,11,11,3,2,0
93,11,14,3,2,1
93,11,14,3,2,2
93,11,14,4,2,0
93,11,16,6,4,1
93,11,17,6,4,0
93,12,10,3,1,0
93,12,16,4,1,0
93,12,16,5,2,0
93,15,16,4,2,0
93,15,16,5,2,0
93,15,17,4,2,0
93,15,20,8,4,1
93,16,20,7,3,1
93,16,21,7,3,1
93,17,21,5,1,0
93,17,21,6,1,0
93,17,22,5,1,0
93,18,23,9,7,0
93,18,24,9,7,0
93,19,21,6,6,0
93,19,21,7,7,0
93,20,22,6,2,0
93,21,22,7,5,3
93,22,23,7,6,2
93,26,27,11,8,5
93,26,27,12,8,5
93,27,28,12,8,5
93,29,37,12,8,2
93,29,38,12,8,2
93,32,37,11,7,4
93,32,37,12,6,1
93,32,38,13,7,1
93,33,37,11,8,4
93,35,47,13,6,1
93,35,48,13,6,1
93,35,48,14,7,1
93,36,37,14,10,6
93,36,37,15,10,7
93,37,38,15,10,7
93,40,54,19,14,3
93,40,54,20,14,3
93,40,54,21,14,3
93,41,45,13,7,4
93,42,45,13,8,4
93,43,47,17,11,6
93,43,51,15,9,4
93,44,46,16,11,6
93,44,49,18,11,7
93,44,51,15,10,4
93,50,63,19,14,1
93,50,63,20,14,2
93,51,62,20,15,1
93,59,72,22,15,6
93,59,72,23,15,6
93,60,72,24,16,6
94,5,6,1,0,0
94,5,7,2,0,0
94,6,5,1,0,0
94,6,5,1,0,1
94,6,6,3,2,1
94,6,10,3,1,1
94,6,11,3,1,1
94,7,7,2,0,0
94,8,7,4,3,0
94,9,10,4,3,0
94,10,7,4,1,2
94,10,10,3,1,1
94,10,10,4,2,1
94,10,10,4,3,0
94,11,10,2,1,0
94,11,10,2,1,1
94,11,13,3,2,0
94,11,16,7,6,1
94,11,16,8,7,1
94,12,11,5,0,1
94,12,12,5,1,1
94,12,13,3,2,0
94,13,16,4,3,0
94,14,14,5,2,1
94,19,18,7,0,1
94,19,19,7,1,1
94,20,18,6,4,0
94,20,19,6,4,0
94,20,26,11,7,2
94,21,21,9,4,2
94,22,21,8,4,2
94,22,21,9,4,1
94,23,22,6,2,1
94,23,22,7,3,1
94,24,24,8,6,0
94,24,25,8,6,0
95,2,3,1,0,0
95,2,8,2,0,0
95,3,4,1,0,0
95,3,5,1,0,0
95,3,5,3,1,0
95,3,6,3,1,0
95,4,4,1,0,0
95,4,6,2,2,1
95,4,7,2,0,0
95,5,6,2,2,1
95,5,7,2,0,0
95,5,8,2,3,0
95,5,16,4,2,1
95,6,6,3,2,1
95,6,7,2,1,0
95,6,7,2,3,1
95,6,7,2,3,2
95,6,13,4,1,0
95,6,16,4,2,1
95,6,17,4,2,1
95,7,7,2,0,2
95,7,9,3,1,0
95,7,10,4,1,0
95,7,10,6,4,1
95,7,11,6,4,1
95,8,9,2,1,0
95,9,11,4,2,0
95,10,8,2,2,0
95,10,11,4,2,0
95,11,9,3,1,2
95,11,12,5,2,1
95,11,13,5,2,1
95,11,16,4,2,0
95,12,15,4,2,0
95,15,18,6,5,1
95,16,18,6,5,2
95,16,20,8,4,1
95,17,20,8,4,0
95,17,22,9,5,0
95,17,22,12,6,0
95,17,23,9,5,0
95,23,24,5,3,3
95,23,24,5,3,5
95,24,25,5,3,5
95,26,26,9,4,3
95,28,28,11,7,2
95,28,28,12,7,2
95,28,29,11,7,2
95,36,37,13,8,2
95,36,37,14,8,2
95,36,38,13,8,2
97,3,11,2,2,0
97,4,11,2,2,0
97,5,15,3,2,1
97,5,15,4,2,1
97,5,20,3,3,1
97,6,19,3,1,0
97,6,20,3,1,0
97,7,18,3,1,0
97,7,19,5,4,1
97,7,23,6,3,3
97,8,13,3,1,0
97,8,32,7,3,0
97,10,21,5,4,0
97,10,22,5,4,0
97,14,14,4,2,3
97,15,28,9,4,6
97,15,28,10,4,3
97,18,48,9,6,4
97,19,48,9,6,3
97,30,49,14,10,7
97,31,50,13,10,8
97,31,51,13,10,6
