code departement,CCMUC,DECUC_Q2,BREV,PACT,PPAT,PPEN,TP60
94,2337,31256,10.7,82.7,15.1,26.1,8.4
77,570,26570,11.6,82.7,9.6,25,7.8
92,2151,30583,11.7,85.6,10.9,23.8,8.2
78,342,30890,12.7,94.1,8.8,17.1,8.2
78,646,26064,12.7,78,8,29.9,8.2
44,1276,24834,14,72.7,11.1,31.3,8.8
95,1511,26474,14,86.4,7.6,22.4,9.6
69,391,24440,14.1,74.8,11.3,28.3,8.2
59,1788,26990,14.4,78.4,16.8,24.9,9.5
69,964,25020,14.5,73.8,12.5,29.1,8.6
33,1180,24396,14.8,71.5,10.9,33,9.8
59,1259,25734,14.9,80.6,10.9,26,10.1
59,521,24488,15,73.7,12.3,29.3,10.3
78,1117,24714,16.2,86,6.1,22.2,11
63,951,21840,16.4,65.8,9.7,36.4,10
95,1228,23952,16.5,82.4,7.3,25.1,11.3
91,1329,26256,16.5,80.5,9.9,27.6,11.5
78,475,27072,16.6,89.4,8.1,20.6,11.2
25,909,23098,17,81.1,9,23.8,10.8
33,3449,22554,17,79,8.6,26.2,11.1
95,726,24804,17.3,82,9.5,25.8,11.9
95,1305,24590,17.4,82.9,7.1,24.2,11.3
77,1330,23686,17.4,83,9.1,23.9,12
91,2241,25104,17.4,82.6,7.7,25.5,12.4
29,903,20568,17.8,57.7,12.6,41.6,11.7
33,3665,23498,17.8,77,8.8,27.8,11.7
31,1225,23000,17.9,79.2,8.9,24.9,11.8
78,1322,23770,18,93.7,5.2,14.5,10.5
57,337,19880,18.1,50.5,26.5,28.1,12.8
78,1554,23990,18.1,87.1,6.4,20.8,11.8
31,1611,24008,18.1,82.2,9.8,22,11.5
92,1485,24925,18.4,85.3,9.4,23.2,12.1
44,2906,21109,18.5,75.8,7.3,26.7,11.5
33,1570,21824,18.6,77.4,8.5,25.9,12.3
40,496,21036,18.7,71,8,31.4,12.4
91,531,22630,18.7,79.1,7.2,27.3,12.3
60,533,20810,18.7,76.7,6.6,27.4,11.1
74,1577,22428,18.7,76.2,11.1,25.6,12.2
77,1394,22254,18.9,86.3,5,20.1,12.4
22,584,19896,19.1,65.1,8.2,35.7,11.1
69,1946,21332,19.3,74.7,9,27.6,11.9
77,943,22544,19.5,73.6,8.9,31.7,14.2
74,476,22078,19.6,84.5,8,18.1,12.3
74,614,31630,19.6,88.3,8.2,15.7,14.6
54,712,21542,19.7,70.8,9.6,32.3,13.8
13,7563,23736,19.7,73.5,15.8,27.8,14.1
79,1270,18982,19.8,69.1,10.9,28.9,12.7
67,1340,22378,19.8,72.3,10.5,30.7,13.2
13,1345,20678,19.9,73.6,8.8,27.3,12.3
95,2028,22470,19.9,83.9,5.8,23.8,13.8
73,1301,21094,20.1,63.7,14.2,34.9,12.7
06,720,22714,20.2,68.6,15.7,31.7,14.7
91,1303,22576,20.2,79.9,6.4,26.7,14.2
33,2195,20656,20.2,78.6,7.1,24.6,13.4
78,3192,23234,20.4,84.5,7.2,21.4,13.3
57,1219,21912,20.5,42,39.7,24.2,14.1
35,2722,20792,20.5,57.2,14.3,41.1,12.8
56,812,19444,20.6,68.6,7.1,32.9,13.2
17,1403,20736,20.6,39.5,16.9,56.5,13.5
91,1832,22320,20.7,85,6.1,21.1,12.6
91,1369,22348,20.8,83.7,6.2,23.5,13.9
67,2288,20850,20.8,75.1,10.1,26.9,13.5
12,775,20374,20.9,68.6,12.4,30.8,13.8
94,1616,24018,20.9,87.6,8.1,20.6,14.6
13,3236,20674,20.9,75.2,7.6,27.2,13.4
95,739,21858,21,82.3,6.5,22.5,14.9
95,1132,23186,21,84.3,5.8,22.7,13.4
91,1607,24218,21.1,78.4,9.6,28.6,14.8
22,1332,20802,21.2,64.7,10.1,35.3,13.5
83,1410,20940,21.2,65.9,10.3,34.8,13.9
75,134999,27856,21.2,86.1,18.4,20,16.2
38,239,19720,21.3,78.9,7.1,22.2,14.3
94,3396,23558,21.3,85.7,10.7,21,15
06,696,20660,21.4,76.5,9.4,24.6,13.6
13,901,20506,21.5,72.5,8.5,27.8,14.7
95,1638,23278,21.6,82.9,7.1,24.4,15.1
91,2336,22782,21.6,79.7,8.3,25.8,14.5
29,6153,20276,21.6,68.8,9.7,32.4,13.8
54,529,19788,21.7,70.4,6.7,31.2,15
05,2735,20031,21.7,63.8,12.3,34.5,14.2
91,3101,22940,21.7,88.4,5.6,19.1,14.1
21,11722,21252,21.7,73.6,9.9,29.7,14.9
69,39249,23040,21.7,80.8,12.5,22.4,14.6
01,318,20516,21.8,78.3,8.9,22.9,13
94,1875,22886,21.8,82.2,7.9,24.1,15.1
83,2891,20960,21.8,59.4,15,39.4,15.1
57,2675,22204,21.9,42.9,42.2,23.5,15.6
49,3559,19580,21.9,68.7,10.2,31.7,14
77,4246,21964,21.9,81.3,7.1,23.9,14.8
69,529,20368,22,69.9,9.6,31,13.6
31,3695,22170,22,81.2,8,21.8,14
78,2433,22450,22.1,81.9,7.5,25.1,15.2
76,717,20716,22.2,72.6,6.1,30,14.1
42,1031,19288,22.2,65.4,11.9,31.9,13.6
84,1378,20574,22.2,72.1,10.2,28.8,15.7
38,1455,20300,22.2,68.3,11.8,30.6,14.1
21,1103,20200,22.4,67.9,13.7,31.3,14.7
77,1791,20836,22.4,84.7,5.6,19.9,14.5
92,5314,25014,22.4,94.2,8.9,15.5,16.4
45,1869,20954,22.5,75.5,8.1,27.4,14.1
44,4428,20688,22.5,72.3,7.4,29.8,14.6
38,452,19682,22.7,77,7.4,23.3,13.1
95,1293,21882,22.8,79,9.3,27,15.6
15,2398,19506,22.8,61.7,13.3,35.6,14.7
06,2775,20704,22.8,76.5,12,24.7,15.7
33,3272,21561,22.9,76.4,9.3,26.5,15.6
40,3873,19977,22.9,67,9.1,33.8,15
85,5894,20045,22.9,67.9,9.8,32,14.7
79,6874,20688,23,71.7,9,30.9,15.4
91,314,21702,23.1,77.2,6.6,27,14.7
28,4296,20596,23.1,72.3,11.4,29,15.2
34,1510,18996,23.2,67,9.3,32.6,15.6
68,819,19538,23.4,71.3,6.6,30.6,14.4
37,820,19672,23.4,63.3,10.3,37,15.2
84,898,19746,23.4,63.7,13,35.2,17
59,1012,20040,23.4,73,9.1,28.7,15.7
21,1114,22148,23.4,63.4,13.6,38,15.2
94,2110,22890,23.4,81.2,9.2,26.1,16.6
13,3484,20046,23.4,69.7,11.4,30.3,15.8
13,4480,20786,23.4,69.7,8.9,31.4,15.7
50,5414,19684,23.5,69.7,7,31.4,14.7
76,904,19404,23.6,73.1,4.9,28.3,14.8
56,5515,21086,23.6,61.5,13.2,37.8,16.4
54,538,19964,23.7,66.8,7.1,34.3,15.6
60,756,19588,23.7,77.5,6.5,24.8,14.9
59,1204,20210,23.7,76,6.7,26.2,15
22,1111,20538,24,60.9,12.5,37.5,15.8
10,1238,19478,24,67.7,8.9,33.3,15.7
44,30035,21558,24,78.4,10.7,23.6,16.3
68,523,19438,24.1,72.6,7.4,28.3,14.6
36,988,18574,24.1,61.1,9.6,37.2,15.9
91,2308,20789,24.2,84.1,6.5,20.5,16.4
44,6480,19494,24.2,64.7,8.3,35.2,15.5
62,728,19352,24.3,68,7.4,33.1,16.2
94,1726,21570,24.3,86.2,7.3,19.9,17.1
93,3115,21472,24.3,80.9,7.4,24.3,16.7
33,24127,21886,24.3,79.5,12.5,23,17.2
67,1294,20610,24.4,70.9,10,30.1,15.6
67,1122,20120,24.5,72.3,9.9,29.6,17
69,644,19076,24.6,77.5,6.4,23,15.4
59,1765,18290,24.6,70.9,5.3,30,14.5
69,2534,19450,24.6,73.5,9.2,25.9,15.4
83,3711,19682,24.6,58.2,13.7,40.9,17.6
21,609,19456,24.7,69.7,7.1,31.4,14.9
2A,2319,20370,24.7,72.1,11.1,29.6,16.1
31,2427,20066,24.7,72.2,9.2,28.1,15.7
52,2607,19560,24.8,65.3,9,34.9,16.6
93,5507,20954,24.8,87.1,6.6,18.9,17
28,875,19066,25,56.6,10.5,41.6,17.4
77,626,19456,25.1,75.7,7.7,26.4,16.9
56,896,19124,25.1,59.1,11.5,38.1,16.6
06,1659,19618,25.1,68.3,16.5,29.4,17.7
56,1692,18392,25.1,63.8,6.9,34.8,15.8
94,2013,21638,25.1,85.3,7.1,21.1,18
59,2072,19994,25.1,74.5,6.2,27.2,16.2
49,2732,18450,25.1,59.7,10.7,38.1,16.7
74,1042,19246,25.3,74.5,10.1,24.7,15.7
59,2012,18456,25.3,67.5,10.2,29.8,15.8
35,709,19318,25.4,62.1,10.6,36,16.8
58,736,18814,25.4,54.2,10.3,44,17.2
01,1310,19420,25.4,72.7,9.5,26.9,17.2
13,3233,19376,25.4,73.1,7.9,27.8,18.2
85,1281,18566,25.6,57.3,10.1,40.2,17.1
17,2742,19316,25.7,58.5,10.9,39.5,17.6
32,2774,19502,25.7,62.2,10.9,36.6,17
12,964,18780,25.8,56.3,12.1,40.8,17.6
77,1523,19852,25.8,88,3.6,16.2,17
13,3566,19738,25.8,73.6,9.6,26.9,16.9
83,3862,19304,25.8,65.7,11.1,33.1,17.7
54,1643,21384,25.9,71.7,10.9,30.8,18.6
38,2468,18785,25.9,75.2,7.8,24.5,17
29,11726,18994,25.9,70,7.8,30.2,17.1
16,704,18490,26,65.9,7.7,31.5,15.4
13,3412,19516,26,75.8,6.1,24.9,16.5
19,3561,18802,26,60.7,11.9,37.6,16.6
64,3980,18840,26,68.6,10.4,30.3,16.5
70,700,18194,26.1,68.6,6.2,31.1,17.2
54,728,18668,26.1,74.2,6.1,27,17.1
49,1107,18416,26.1,75.8,5.5,23.5,16.6
68,1706,22088,26.1,82.6,7.5,24.5,19.2
77,2268,19582,26.1,87.4,3.8,15.6,15.7
84,616,18242,26.2,72.8,11.6,24.6,18
23,1941,19254,26.2,61.7,9.2,38.4,18.2
53,6085,19209,26.2,67.9,10.7,31.8,18.3
37,819,19022,26.3,74,7.4,26.6,17.8
37,3903,19262,26.4,65.2,8.1,35.1,17.8
24,973,19580,26.5,59.9,8.7,40.4,18.6
38,1914,18552,26.5,71.6,7.4,28.1,17.3
26,257,18142,26.6,68.7,10.5,28.5,16.9
06,291,18800,26.6,73.2,8.9,26,18.3
46,2349,19424,26.7,60.4,11.5,37.7,17.8
92,6802,21432,26.7,88.8,7.9,18,19.6
01,408,27128,26.8,87.9,7.3,17.5,17.3
33,569,17696,26.8,62,8.1,35.7,17.9
95,1839,19516,26.8,84.5,5.6,19.2,17.6
17,8273,19364,26.8,60.8,12.2,37.8,18.3
69,424,18384,26.9,72,8.1,25.6,15.8
50,2926,18885,27,64.8,8.4,34.1,17.6
33,649,18206,27.1,71.9,5.5,28.1,17.6
02,796,18004,27.1,74.3,7.2,25.6,17.4
16,1920,19276,27.1,66,10,32.9,18.3
93,2559,19412,27.1,79.5,5.9,23.4,18.3
91,700,20305,27.2,79.6,8.4,25.1,20.6
13,949,18000,27.2,73.3,12.3,24,18.6
95,2727,19854,27.2,84.1,7.4,20.4,18.3
71,901,17898,27.3,60,9.2,39.5,18.6
78,1336,20356,27.3,91.6,4.6,15.1,19.2
41,1433,18754,27.3,59.9,11.3,37.9,18.8
77,1522,18472,27.3,69.3,9,29.4,17.2
04,1674,19284,27.3,60.9,10.6,37,17.9
81,6275,19274,27.3,58.8,12,38.6,19
54,1176,18712,27.4,68.2,9.5,29.7,18.8
73,5746,19258,27.4,69.3,11.8,29.1,18
18,8446,19654,27.4,66.2,9.7,33.6,19.2
42,667,18582,27.5,71.1,11.2,26.9,17.6
41,1590,18402,27.5,58.5,9.1,39.8,18.9
60,617,18456,27.6,72.4,5.1,27.6,18.4
18,873,17978,27.6,53.2,9.5,43.7,18.2
91,2586,19112,27.6,82.3,5.5,21.5,17.7
35,24996,20482,27.6,74.5,10.8,26.6,19.8
38,962,18034,27.7,71.7,6.2,26.5,16.7
38,15267,19934,27.7,74.8,10.9,25.2,19
83,6863,18656,27.8,63.7,8.7,35.6,19.5
72,20525,19328,27.8,66.6,9.4,33.2,19.7
69,4308,18706,27.9,73.8,7.6,26.1,17.6
31,51545,20400,27.9,80.3,11,21,19.4
40,2240,18346,28,56.9,12.1,39.5,18.6
45,2584,19348,28,71,7,30.2,18.4
14,13846,19614,28,69.4,10.8,30.7,19.8
09,1382,18874,28.1,59.6,10.2,37.7,19.5
76,1556,18317,28.2,67.7,5,31.7,19
88,941,18016,28.3,67.5,6.6,31.4,19.3
91,1114,18092,28.3,90.8,2.9,12.5,17.9
59,1526,19670,28.3,72.3,8.3,29.5,18.5
51,2401,18252,28.3,69.2,10.8,30.5,20
81,4730,18296,28.4,62.1,11.1,34.9,19.1
52,801,18254,28.5,65.5,8.4,33.8,19.9
44,951,17697,28.5,60.8,9.7,35.4,18.2
55,2253,18822,28.5,65.5,8.6,34.5,19.6
01,353,18299,28.6,68.3,10,29.4,18.7
65,1210,17092,28.6,59.6,10.7,36.2,18.5
69,4096,19574,28.6,72.9,9.8,28.1,19.6
93,4463,19702,28.6,83.7,6.3,21.2,20.8
37,14833,18956,28.6,70.1,10.1,29.8,19.9
56,6438,18296,28.7,64.1,8.8,34.1,19.2
71,1879,17584,28.8,58,8.3,39.9,19
04,2150,18682,28.8,59.5,16.8,33.6,19.1
26,3325,18550,28.8,65.6,12.9,31.5,19.5
64,9124,19002,28.8,63.6,11.5,34.8,19
07,1017,18516,28.9,60.7,10.6,35.2,19
60,1039,18348,28.9,75,5.2,26.4,19.2
76,1042,17554,28.9,70.3,3.4,28.5,18.2
06,33526,19244,28.9,69.5,13.1,30,20.8
69,1129,18516,29,73.4,6.6,26.1,19.1
93,3356,18940,29,83.7,4.8,20,20.2
82,7246,18682,29,66.9,10.8,31,19.6
83,886,17992,29.1,62.9,8.4,35.1,19.8
59,1650,17740,29.1,71.1,7.3,27.2,19.4
38,3252,18258,29.1,71.8,9.3,26.5,19.3
59,7426,19396,29.1,77.9,9.5,22.6,19.1
62,1103,17312,29.2,69.1,5.6,29.7,19.8
57,1694,18512,29.2,64.6,9.2,34.7,20
95,1880,19042,29.2,84.2,5,19.1,21.2
51,5722,18222,29.2,70.1,8,30.1,20.8
22,5731,18408,29.2,64.5,9.6,34.1,19.8
68,5860,18592,29.2,72.3,9.9,28.1,20.1
49,20484,18856,29.2,69.5,9.5,29.5,19.9
01,572,17932,29.4,65.3,11,32,19.3
81,1099,17688,29.4,62.7,9.6,34.4,19.8
73,1464,17888,29.4,64.9,11.1,31.6,18.7
39,2522,18620,29.4,61.8,9.6,36.4,19.6
74,2668,20574,29.4,82.3,7.5,18.9,20.7
94,4935,19328,29.4,83,7,21.1,20.8
36,6109,18374,29.4,62.7,9.4,35.6,20.1
69,16094,18844,29.4,77.8,7.8,22.8,19.6
13,899,17204,29.5,69.7,8.2,26.4,18.8
77,1823,18618,29.5,86.2,4.7,17,19.6
94,4213,19572,29.5,87.4,6.2,17.5,22
14,607,17590,29.6,65.3,11.1,32,19.7
38,735,17632,29.6,59.8,11.4,35.2,19.3
74,747,22714,29.6,81,8.2,20,22.6
50,821,17442,29.7,62.1,8.8,34.4,18.8
27,1052,18190,29.7,61.1,9.7,35.9,20.3
38,3101,18673,29.7,70.2,11.2,27.7,20.5
94,4423,18778,29.7,84.2,5.6,19.7,21.2
67,927,17702,29.8,72.7,6.9,26.1,18.9
62,968,17542,29.8,67.9,8.7,29.7,21.2
76,1166,18698,29.8,69.4,4.8,30.5,18.6
38,1568,17882,29.8,89.3,4.3,10.9,16.9
09,629,18034,29.9,54.5,10.6,41.4,20
39,2007,18140,30,60,10.3,37.3,20.5
42,3048,17574,30,64.6,9.3,32.3,19.4
86,5102,18006,30,58.8,10,38.1,20.8
59,444,16726,30.1,67.9,4,31.5,19.3
76,17284,19632,30.1,76.3,9.1,25.1,21.6
78,1980,18220,30.2,75.5,5.6,25.9,19.7
63,16563,18584,30.2,70.5,10.5,28.3,21.4
27,2596,18702,30.3,71.9,8.3,28.7,20.9
91,2234,17714,30.4,77.4,6.9,23.7,20.4
34,3186,17814,30.4,49.6,15.2,44.6,22
17,3357,17558,30.4,58.1,9.3,38,20.4
60,4495,18854,30.4,73,11.3,27.8,21
78,4543,17692,30.4,77.9,5.7,22.2,19
26,1031,17688,30.5,69.1,8.3,29.6,19.9
94,7672,18722,30.5,81.8,7.1,21.7,21.9
94,11978,18642,30.5,80.8,6.9,22.5,20.9
39,698,17542,30.6,64,7.9,33.8,19.7
95,2789,18304,30.6,83.5,5.4,19.3,21.8
25,15475,18602,30.6,70.3,9.6,29.2,20.9
62,358,17112,30.7,69.1,7.2,28.6,20.3
28,1939,17284,30.7,66.2,5.4,33.1,21.1
91,2800,18500,30.7,78.5,5.6,24.6,21.5
89,4920,17998,30.7,65.5,9.8,33.3,19.6
59,13015,17738,30.7,67.7,8,31.6,20.7
83,20511,18492,30.7,64.5,10.3,33.2,21.3
83,790,17682,30.8,57.1,12.6,38.5,23.8
81,994,16792,30.8,50.6,8.9,44.6,20.2
07,1956,17562,30.8,60.1,10.6,35.6,20.1
28,1387,18228,30.9,70.4,7.2,28.7,22.2
33,1865,17764,30.9,72.9,5.6,26.2,20.5
45,14593,18906,30.9,74.5,9.2,26.7,21.3
95,1410,18284,31,84.7,5.6,18.4,22.4
92,12257,18736,31,87.6,6,16.7,21.2
87,17648,18563,31,64.5,9.7,34.4,22.1
62,453,17720,31.1,69.9,5.5,31.4,20.2
79,1107,16750,31.1,54.3,10.5,41.7,21.5
84,1823,17226,31.1,69.2,9.7,26.8,21.4
47,2528,17090,31.1,55.4,11.5,40,21.2
59,361,16844,31.2,72.1,5.6,25.2,20.2
14,729,16998,31.2,71.2,4.7,26.6,19
88,932,17448,31.2,60.3,12.1,36.4,21.2
55,2183,17834,31.2,62.3,10.4,33.6,21.6
92,3603,17832,31.2,82.3,5.6,21,20.4
2A,512,17490,31.3,72.3,16.4,24.3,23.7
72,1381,16966,31.3,61.2,9.7,34.4,20.5
47,1586,17208,31.3,58.8,10.6,37.5,21.6
03,3068,17690,31.3,48,14.6,45.5,21
57,1166,17190,31.4,60,7.8,37.1,21.9
76,2049,16980,31.4,59,8.9,36.8,19.7
13,2697,17094,31.4,69.7,6.3,28.5,20.7
57,1083,16885,31.6,45.1,29.3,27.2,21
54,1961,17070,31.6,67.8,8.5,29.5,20.5
24,2736,17308,31.6,53.8,11.8,41,21.1
59,4585,16798,31.6,70.9,5.3,26,19.9
76,26905,17766,31.6,67.8,6.9,30.9,20.8
57,1410,17588,31.7,64.9,10.2,32.8,21.3
37,1959,16856,31.7,65.2,5.9,33.1,21.5
57,16874,18510,31.7,66.7,15.9,26,22.4
57,799,16382,31.8,55.8,6.4,41.1,21.3
01,332,23646,31.9,80.8,10.6,22.8,23.8
11,1076,17261,31.9,54.6,10.8,40,21.6
45,483,17620,32,62,9.6,35.8,22
30,1025,17225,32,65.5,8.3,31.5,22.2
91,2282,17230,32,81.1,4.5,21.6,20.2
25,1087,17121,32.1,64.9,6.2,34.8,20.5
62,1772,16748,32.1,70.8,5.8,27.6,21.6
71,2293,16466,32.1,54.2,7,42.1,20.8
26,8533,17772,32.1,65.9,11.7,30.9,21.6
07,1025,16972,32.2,62.1,9.7,32.7,22.6
08,914,17200,32.3,65.7,8.6,31.6,22.6
45,2265,17689,32.3,69.5,6.4,30.5,21.4
84,2896,17288,32.3,65,10.4,31.4,22.8
77,3156,17994,32.3,75.6,5.7,25.1,21
18,3737,16882,32.3,55.7,8.1,40.3,23.5
81,598,16439,32.4,47.6,10.9,46.6,22.9
28,1868,17246,32.4,57.5,10,38.9,23.1
13,6057,17220,32.4,65.8,11.5,30.2,23.1
95,11464,17654,32.4,87.9,4.6,15.2,21.4
51,24410,17826,32.4,73.2,8.9,26.6,22.8
62,1252,16176,32.5,66.2,5.1,31.7,20.6
43,2358,17178,32.5,59.6,12.3,34.3,20.7
59,2675,16946,32.5,74.6,5.1,24.3,21.7
03,4620,17096,32.5,56,11.3,38.6,22.3
86,12339,18058,32.5,69.9,9.3,28.9,23
54,505,16670,32.6,35.4,41.8,23.8,23.7
60,741,17482,32.6,73.2,5.2,26.8,20.8
27,1988,17410,32.6,68.5,6.9,29.8,21.2
57,2917,17518,32.6,67.6,10.8,29,22.1
38,4801,17466,32.6,65.4,7.7,31.7,21
01,5129,17487,32.7,64.4,10.5,33.2,21.6
30,1027,17364,32.8,64.3,8.5,33.4,23.3
31,1495,17375,32.8,54.8,10.3,40.8,22.9
03,2606,17300,32.8,60.2,11.4,33.9,21.4
70,952,16588,32.9,64.9,7.6,32.9,22.8
60,1119,16542,32.9,76.3,4.2,23,22.1
26,2911,17010,32.9,62.2,11.1,33.3,22.2
71,4433,17054,32.9,64.3,9.1,33.8,21.4
13,221,17032,33,70.4,10.9,26.8,26.5
66,857,16182,33,62.2,10.5,32.4,22.5
69,1097,16368,33.1,63.2,8.3,31.4,21.3
83,1968,16862,33.1,63.7,10.7,31.6,22.9
13,2957,16640,33.1,66.6,6.5,30.2,21.7
47,1006,16356,33.2,54.7,8.8,40.6,22.8
61,1762,16732,33.2,56.2,7.6,39.6,23.7
84,1769,17264,33.3,66.3,7.9,31.7,23.4
92,4991,17984,33.3,89.1,5.9,16.3,25
58,5095,17690,33.3,59.3,9.4,37.7,22.8
71,5857,17146,33.3,63.6,8.9,34.5,22.3
30,743,17578,33.4,48.1,15.7,45.4,23.6
11,6970,17134,33.4,58.4,11.9,36.1,23.9
42,4383,16550,33.5,57.1,11.1,37.1,23.6
84,1278,16878,33.6,66.1,8.2,30.9,24.8
07,1452,16708,33.6,56.9,14.4,36.3,23.9
88,6046,17590,33.6,65.4,10.1,32.4,24.2
54,1646,16566,33.7,37.9,36.9,27.5,24.6
62,606,16456,33.8,72.9,4,26,23.1
91,1136,17216,33.8,80.9,5.3,21.5,22.2
63,1252,16422,33.8,59.3,8.9,36.1,22.5
54,2464,16778,33.9,63.2,9.2,32.7,23
2B,2708,17260,33.9,69.5,9.9,28.6,23.4
94,10492,17016,33.9,79.7,6.5,21.4,24
10,704,17218,34,63.5,8.9,33,21.8
95,1131,16664,34,81.3,3,19.6,22.9
54,1468,17202,34,65.1,6.9,32.8,24.5
09,2475,16614,34,62,9.7,32.1,22.5
16,7614,17496,34,66.5,9,30.4,23.4
93,3581,16462,34.1,81.2,4.7,19.1,22.1
59,858,16414,34.2,66.9,7.7,29.1,23.4
02,1894,16672,34.2,66.6,9.8,30.1,23.3
94,2695,16384,34.2,79.3,5.2,20.7,22.3
67,4016,17272,34.2,73.3,8.1,25,23.4
77,7006,16900,34.2,78.7,6.2,20.8,22.2
26,452,16138,34.3,68.4,7.8,27.4,22.2
59,839,16054,34.3,65.1,8.5,29.5,22.8
34,5686,16720,34.3,54.3,12,42.1,24.9
67,2100,16950,34.4,70.9,6.8,27.8,23.6
59,619,16484,34.5,61.4,7.1,34.6,22.4
34,747,16132,34.5,51.1,10.1,42.4,23.8
70,747,16372,34.5,59.1,9.5,37,23.6
62,1496,16510,34.5,65.9,7.4,29.4,24.4
94,1639,16336,34.5,77.7,5.6,22.6,21.6
77,1594,16547,34.6,69.3,7.4,28,22.9
59,5155,16594,34.7,64.8,9.5,31.2,24.2
76,1474,16628,34.8,70.2,4.7,26.5,23
28,1533,16208,34.8,65.8,6,30.8,21.7
45,1909,17192,34.8,64.4,8.7,33.3,24.8
62,7532,17386,34.8,70.8,9.3,27.6,25
42,21792,16904,34.8,62.8,10.2,33.3,23.8
93,12874,17858,34.9,85.9,6.7,18.1,26.5
13,139512,17704,34.9,71.6,10.2,27.6,26.1
62,1006,15678,35,64.3,8.3,30.3,22.9
14,2485,16126,35,59.6,8.1,35.6,23.2
77,2677,16513,35,73.7,6,25.1,22.2
30,448,16212,35.2,44.8,11.6,46.4,25.5
25,606,16604,35.2,60.8,5.8,35.3,21.3
82,1052,16210,35.2,60.5,10.8,33.6,25.3
81,1391,15618,35.2,55.9,8.9,38.2,23.4
41,7954,17158,35.2,66.1,9.1,31.9,25.5
84,715,16202,35.3,57.1,10.6,37.6,24.9
59,719,15788,35.3,67.4,3.9,28.5,22.4
67,39400,17461,35.3,73.9,11.8,24.7,24.8
30,2339,16710,35.4,62.5,9,34.2,24.6
70,2885,16540,35.5,60.3,9.1,35.6,23.2
59,35431,17486,35.5,81.3,8.5,18.8,25.7
71,259,16322,35.7,60.5,6.2,36.5,21
38,608,16314,35.7,66.6,8.7,29,24.4
91,1262,16092,35.7,79.2,3.4,21.9,23
42,1319,15700,35.7,59.2,7,34.9,21.7
77,1632,16362,35.7,68.2,11.2,28.4,25.5
27,1085,15834,35.8,59.6,8.2,34.7,23.7
76,1662,16251,35.8,61.5,5.2,35.1,23.6
59,4067,15984,35.8,69.5,6.9,26,24.4
69,4422,16888,35.8,70.5,9,26.1,23.2
30,459,16568,35.9,51.4,14.1,41,26.8
42,1593,15662,36,65.2,7.6,29.4,23.4
38,2421,16360,36,78.1,4.5,18.7,21.1
65,6899,16424,36,60,8.6,36.1,24.6
60,10578,16746,36,69.8,7.6,28,25.3
80,21397,16964,36,71.8,9,26.4,25.4
14,2747,16132,36.1,70.1,5.5,28,24
61,1817,15860,36.2,57.9,9.7,36.6,25.2
76,3346,15924,36.2,73,4.3,24.3,24
90,7129,16474,36.2,69.7,7.9,28,25.5
95,13728,16510,36.2,81.7,5.6,20.2,26.7
76,4930,16060,36.3,55.8,8.5,39,24.4
94,6237,16726,36.4,83.1,6.1,20,27.9
95,2809,15988,36.5,79.6,4.7,20.5,24.2
61,5159,16600,36.5,59.3,9.4,35.6,27.2
77,8038,16475,36.5,79.5,6.9,20.7,24.5
61,962,15968,36.6,54.2,10.1,39.7,25.6
72,1630,15924,36.6,58.2,5.8,36.6,24.9
59,1774,15580,36.6,65.3,5.9,29.8,24.5
34,2927,16252,36.6,65.2,8.9,30.1,25.5
62,4467,15936,36.7,70.1,5.4,26.7,25.9
69,5131,16320,36.7,67.4,9,27.8,23.7
78,525,15602,36.8,78.3,4.8,22.1,26
02,2124,15554,36.8,60.2,5.7,34.6,24.8
57,796,15692,36.9,47.8,21.4,31,26.3
62,1355,15270,37,62.4,4.9,33.3,24.5
62,1838,15350,37,65,4.4,31,26.2
93,3289,16412,37,80.8,6.1,19.5,27.3
47,6091,16384,37,66.4,9.8,29.1,25.1
11,8321,16684,37,61.5,10.5,33.3,26.9
34,36746,16844,37,71.9,10.1,26.1,26.5
47,483,15287,37.1,53,10.9,39.7,24.9
62,1115,15712,37.1,68.7,4.4,27.8,25.8
25,3996,16308,37.1,64,8.1,32.9,24.7
84,938,15744,37.2,58.2,10.8,36.3,26
21,2075,15710,37.2,63,6.5,33.2,23.8
01,2515,15398,37.4,67.7,9.5,28.3,24.7
88,3100,15832,37.5,58,9.9,37,26.5
89,3747,15950,37.5,61.1,10.4,34.2,25.4
11,1545,15780,37.7,53,9.4,40.1,26.8
97,7850,17060,37.7,86.4,5.9,11.5,27.7
10,11334,15802,37.9,65.7,9.3,29.4,26.2
62,801,15264,38,73.4,3.6,22.7,23.1
62,5957,16006,38,67.3,10.6,28.9,28
16,1919,16084,38.1,56.7,8.3,36.9,25.8
92,2643,15144,38.1,78.6,4.2,21,25.3
59,2568,15310,38.2,66.7,4.8,28.5,25
25,2035,15512,38.3,63.7,6.8,31.5,25
76,4535,15870,38.3,64.2,5.4,32.2,26.3
91,6703,15806,38.3,79.8,5.1,20.5,27.5
78,1096,15806,38.4,80.4,5,19.6,25.3
45,1405,15266,38.4,65.4,9.4,29.7,25.9
84,2607,15428,38.4,66.2,10.9,28.3,27.6
95,3562,15112,38.4,78.8,4.6,20.1,27
80,4194,15724,38.4,61.2,9.5,33.5,27.6
59,1037,14962,38.6,63.8,4.1,29.9,25.4
76,2278,15744,38.6,65.7,4.6,30.7,25.5
52,3393,15238,38.6,59.2,8.2,34.9,26.3
08,10073,15792,38.7,62.6,8.3,33.2,28.2
93,5624,15827,38.8,87,5.1,15.5,29.3
62,1394,14982,38.9,60,5,35.1,26.4
02,2011,15412,38.9,62.1,7.1,33.3,27.6
10,2189,15258,39,59.2,6.5,35.5,26
59,1504,14798,39.1,63.1,7.4,29.3,26
93,10112,15544,39.1,76.7,6.2,22.3,29.4
30,1354,15088,39.2,65.3,8,29.5,28.9
92,5217,15088,39.2,78.5,3.8,20.3,27
59,8659,15640,39.2,66.1,8.1,29.2,26.9
02,4814,15472,39.3,60.8,12,32.3,27.8
27,9752,15638,39.3,68.5,7.9,27.8,27.8
13,1587,15238,39.5,65.2,10,28.9,30.4
02,9852,15426,39.5,62.7,8.2,32.5,28
54,1237,15168,39.6,35.9,38.8,24.1,29.7
59,623,14962,39.9,63.9,4.3,30.9,26.4
89,1510,15228,39.9,57.3,9.2,36.7,29.5
30,26514,15775,40,63.2,11,31.7,29.3
30,7360,15000,40.1,51.9,10.7,39.4,29
59,18103,14942,40.1,72.2,5.6,21.9,27.4
59,1054,14692,40.2,63.2,3.6,30.5,25.3
60,2966,15010,40.3,69,5.3,27.7,27.5
57,4246,14978,40.3,61.3,8.1,33.2,29.5
91,10930,15010,40.3,82.6,4.2,17.1,26.7
62,1280,14914,40.4,65,3.9,30.2,27.8
30,2102,14974,40.4,66.1,9.1,27.1,29.4
78,4340,14808,40.4,72.2,4.7,25.4,27
62,1206,14648,40.5,68.9,4,25.2,27.5
69,3224,14944,40.5,65.2,6.9,28.1,27.7
38,770,15182,40.6,60,8.9,33.4,29.9
34,1116,14739,40.6,55.8,8.4,36.8,28.8
93,2038,15032,40.6,79.8,6.3,20.4,31.3
84,3025,15146,40.7,62,11.6,31.4,29.6
93,4468,15242,40.7,81.8,6.2,19,30.8
78,3713,14406,41.1,79.6,3.4,17.5,25.9
93,7093,14852,41.1,84,5.4,17.6,31.2
89,825,14496,41.2,55.5,6.2,38.3,27.2
94,1931,14430,41.3,79.9,4.1,17.6,29.2
51,1930,14526,41.5,57.8,7.7,35.4,27.1
62,1382,14305,41.6,66.2,4.3,27.5,28.1
62,14760,14492,41.8,64.5,6,29.3,30.5
59,2888,14756,41.9,61.9,6.5,31.6,30
93,6180,14650,41.9,79.1,5.5,20,31.2
70,687,14471,42,58,7.3,34.6,29
28,5637,14442,42,67.7,6.8,27.2,29.6
62,4005,14126,42.1,61.8,5.3,32.4,29.1
02,6661,14748,42.1,62.6,8.1,31.9,30.8
25,862,14362,42.3,60.3,5.3,33.2,28.8
59,2308,14314,42.4,64.2,5.4,29.3,29.1
93,8559,14312,42.5,77.1,5.1,20.6,31.1
59,1212,14270,42.6,63.9,6.7,27.9,29.2
59,1723,14146,42.6,64.5,4.3,27.3,28.7
76,3757,14640,42.8,64.5,5.6,27.4,29.3
25,482,13946,42.9,61.4,5.3,30.9,25.4
62,3175,14160,42.9,64.7,4,28.5,30
62,3493,14512,42.9,66.4,10.1,25.8,31.7
97,9363,14494,43,81.7,6.6,12.3,33.3
33,3670,14156,43.1,66.5,5,27.5,29.3
93,7391,14018,43.1,77.9,4.9,19.9,30.7
84,15347,14532,43.1,64.3,10.3,29,31.1
66,25665,14460,43.4,57,11.4,34.7,31.5
45,2221,14120,43.7,58.2,6.2,35.9,31.4
60,2696,13972,43.8,61.3,7.6,31.9,31.1
60,2125,13866,43.9,68.6,4.4,25.5,29.3
45,3423,14180,44.1,61.1,10.4,32.3,32.5
08,3741,13972,44.2,57,7.3,33.7,32.2
62,5848,13976,44.2,62.7,4.2,30.7,30.7
62,8047,14020,44.3,61.8,6.9,30.8,31.3
94,5034,13676,44.5,77.9,5,19.4,33.9
34,15394,14082,44.5,56.8,11,35,33.6
93,7149,13708,44.7,76.5,4.6,21.3,31.6
78,6929,13604,45.1,72.6,6.3,24.5,32.5
59,1720,13498,45.3,61.6,4.8,28.5,30.4
59,2295,13622,45.4,60.7,6.9,29.1,32
97,43663,14130,45.4,77.6,8.2,16,34.6
69,13250,13664,45.6,66.8,5.8,26.1,30.7
93,1754,13586,45.7,81.1,2.8,15.3,31.5
62,2108,13354,45.9,57.4,5.4,33,33.2
68,20949,13602,45.9,69.2,8.6,26.1,33.2
97,31603,13714,45.9,79.4,8.5,14.5,35
62,8154,13436,46.1,59.7,6.3,32.7,33.2
93,1226,13426,46.2,80,4.3,17.6,33.8
02,1869,13478,46.2,52.7,8.1,36.1,34.1
42,1424,13464,46.6,56.8,6.5,32.7,32.2
59,4358,13018,46.8,63.9,3.7,27.6,31.1
69,3365,13066,47.3,66.2,4.5,25.5,30.4
59,2833,12976,47.8,55.1,7.2,33.4,34.1
59,1599,12694,48.1,60.7,4.4,28.7,31.4
77,4271,12708,48.4,65.7,6,25.7,33.8
95,9515,12672,48.4,74.3,4.9,19.6,33.6
59,1191,12764,48.5,60,6.6,27.8,33.4
59,2605,12716,48.7,62.4,4.5,27.2,33.5
69,9958,12610,48.8,69.1,4.9,21.6,32.6
93,1936,12446,49,75.2,3.2,18.2,33
27,2268,12480,49.3,74.2,2.9,16.8,31.9
59,7205,12508,49.3,57.8,7.1,31.8,35.6
59,2271,12390,49.7,57.6,7.4,30.6,36.2
97,7415,12414,49.8,79,4.9,11.6,39.3
59,3465,12375,49.9,57.7,6,30.4,34.9
97,11670,12192,50.3,77.1,6.8,14.1,39.9
57,1204,12248,50.6,53.9,4.6,35.5,35.5
93,6790,12080,50.7,73,3.8,19.8,37.1
93,5040,12094,51.1,75.6,4.9,18.8,38.7
93,17738,12014,51.2,81.3,4.2,15.4,38.8
95,5032,11870,51.7,76,4.1,17.4,37
30,1219,11814,52,39.1,6.5,45.1,38.9
97,28952,11542,52.3,73.9,7.7,15.1,41.4
02,653,11646,52.4,60.9,7,27.3,40.6
97,26520,11158,53.5,66.7,8.1,20.3,42.3
95,7022,11422,54.1,75.4,3.5,17.1,39.7
60,6704,11326,54.2,68.5,3.9,22.3,38.5
59,2067,10272,57.3,53.3,5.4,30.5,43.2
97,23673,9486,58.8,71.7,5.9,11.1,47
59,34075,9560,59.5,63,5.9,21,44.3
97,14656,9442,59.9,65.2,6.3,17.3,48.3
97,16347,9236,60.1,70.1,4.6,12.8,48
91,5647,10072,60.7,74.9,3.4,16.3,45.5
97,23597,9186,61.4,67.8,6,14.3,49.8
97,15131,8194,65.7,63,4,13.3,49.1
